{"loss": [0.9245688319206238, 0.616095244884491, 0.5632547736167908, 0.5294764041900635, 0.5023446679115295, 0.4918553829193115, 0.4984879493713379, 0.4800112843513489, 0.47057607769966125, 0.4606386125087738, 0.42826658487319946, 0.4029100239276886, 0.3403598368167877, 0.34101924300193787, 0.36220601201057434, 0.31177031993865967, 0.2635596990585327, 0.2682682275772095, 0.24989408254623413, 0.30376526713371277, 0.22269994020462036, 0.24579297006130219, 0.1600131243467331, 0.13007521629333496, 0.12421374768018723, 0.11763425171375275, 0.1134609580039978, 0.10386423766613007, 0.09829547256231308, 0.09715159982442856, 0.0796278566122055, 0.10591934621334076, 0.12156279385089874, 0.07267918437719345, 0.0553363636136055, 0.037745483219623566, 0.03833814337849617, 0.04909377917647362, 0.04523644223809242, 0.033265575766563416, 0.03407835587859154, 0.05133287236094475, 0.19203634560108185, 0.22787176072597504, 0.19864659011363983, 0.1599751114845276, 0.16378992795944214, 0.10292227566242218, 0.06193277984857559, 0.042423687875270844, 0.03232961148023605, 0.028683604672551155, 0.027356240898370743, 0.017096469178795815, 0.014338165521621704, 0.011889033950865269, 0.009807407855987549, 0.008436756208539009, 0.007166535593569279, 0.006150440312922001, 0.005251359660178423, 0.004382971674203873, 0.0037192832678556442, 0.003416958497837186, 0.002970867557451129, 0.002711027394980192, 0.0024913481902331114, 0.0022744149900972843, 0.002144833793863654, 0.0020130453631281853], "accuracy": [0.3803713619709015, 0.5135278701782227, 0.517241358757019, 0.5209549069404602, 0.5225464105606079, 0.5214853882789612, 0.5241379141807556, 0.5251989364624023, 0.5257294178009033, 0.6122015714645386, 0.8228116631507874, 0.892307698726654, 0.9352785348892212, 0.9034482836723328, 0.9225464463233948, 0.9193633794784546, 0.9363394975662231, 0.9273209571838379, 0.9533156752586365, 0.911936342716217, 0.9336870312690735, 0.9649867415428162, 0.9740052819252014, 0.980371356010437, 0.9814323782920837, 0.9766578078269958, 0.9745358228683472, 0.9782493114471436, 0.9814323782920837, 0.9755968451499939, 0.9755968451499939, 0.9718832969665527, 0.980901837348938, 0.980371356010437, 0.9888594150543213, 0.9883289337158203, 0.9941644668579102, 0.9856764078140259, 0.9872679114341736, 0.9936339259147644, 0.9931034445762634, 0.9824933409690857, 0.9458885788917542, 0.9432360529899597, 0.9421750903129578, 0.9368700385093689, 0.961273193359375, 0.9724137783050537, 0.979840874671936, 0.989920437335968, 0.9893898963928223, 0.9941644668579102, 0.9909814596176147, 0.9962864518165588, 0.9973474740982056, 0.9973474740982056, 0.9978779554367065, 0.9984084963798523, 0.9984084963798523, 0.9989389777183533, 0.9989389777183533, 0.999469518661499, 1.0, 1.0, 1.0, 1.0, 1.0, 1.0, 1.0, 1.0], "val_loss": [0.7287963032722473, 0.647826611995697, 0.5871443748474121, 0.5771327018737793, 0.5142028331756592, 0.48265236616134644, 0.5046988725662231, 0.46793749928474426, 0.45579516887664795, 0.4283577799797058, 0.3812545835971832, 0.3438681364059448, 0.41516441106796265, 0.29658666253089905, 0.3045085370540619, 0.34570974111557007, 0.3104168176651001, 0.22397387027740479, 0.24663998186588287, 0.2819100022315979, 0.19360285997390747, 0.1677636057138443, 0.1744265854358673, 0.17948207259178162, 0.16289964318275452, 0.15311621129512787, 0.19459716975688934, 0.22163257002830505, 0.15919797122478485, 0.2073032408952713, 0.14651598036289215, 0.2909938395023346, 0.15221664309501648, 0.16171136498451233, 0.17360647022724152, 0.17588073015213013, 0.22469183802604675, 0.16133061051368713, 0.15792569518089294, 0.17400681972503662, 0.1769132912158966, 0.4365581274032593, 0.5576884746551514, 0.43936216831207275, 0.21925248205661774, 0.17698970437049866, 0.22090080380439758, 0.14463026821613312, 0.14319221675395966, 0.16564027965068817, 0.1799488663673401, 0.17305907607078552, 0.17796795070171356, 0.17987164855003357, 0.18320509791374207, 0.19485284388065338, 0.19084276258945465, 0.2017597258090973, 0.19985723495483398, 0.21851927042007446, 0.2158554345369339, 0.22584529221057892, 0.22707810997962952, 0.2394581288099289, 0.22798730432987213, 0.24213184416294098, 0.24298404157161713, 0.2388845682144165, 0.24345675110816956, 0.2491680532693863], "val_accuracy": [0.437894731760025, 0.47789472341537476, 0.5178947448730469, 0.5010526180267334, 0.5199999809265137, 0.524210512638092, 0.5199999809265137, 0.5199999809265137, 0.5221052765846252, 0.8252631425857544, 0.88210529088974, 0.8842105269432068, 0.7894737124443054, 0.9031578898429871, 0.8947368264198303, 0.8610526323318481, 0.890526294708252, 0.9284210801124573, 0.917894721031189, 0.9200000166893005, 0.9410526156425476, 0.9578947424888611, 0.9473684430122375, 0.9473684430122375, 0.9599999785423279, 0.9578947424888611, 0.9368420839309692, 0.9389473795890808, 0.9515789747238159, 0.9242105484008789, 0.9578947424888611, 0.9094736576080322, 0.9578947424888611, 0.9515789747238159, 0.9515789747238159, 0.9515789747238159, 0.9326315522193909, 0.9473684430122375, 0.9578947424888611, 0.9515789747238159, 0.9578947424888611, 0.8778947591781616, 0.8252631425857544, 0.8631578683853149, 0.9305263161659241, 0.9515789747238159, 0.917894721031189, 0.9515789747238159, 0.9515789747238159, 0.9494736790657043, 0.9557894468307495, 0.9473684430122375, 0.9599999785423279, 0.9557894468307495, 0.9621052742004395, 0.9515789747238159, 0.9621052742004395, 0.9536842107772827, 0.9557894468307495, 0.9494736790657043, 0.9494736790657043, 0.9494736790657043, 0.9494736790657043, 0.9494736790657043, 0.9494736790657043, 0.9494736790657043, 0.9494736790657043, 0.9494736790657043, 0.9494736790657043, 0.9494736790657043]}